ID;PWXL;N;E
P;PGeneral
P;P0
P;P0.00
P;P#,##0
P;P#,##0.00
P;P#,##0;;\-#,##0
P;P#,##0;;[Red]\-#,##0
P;P#,##0.00;;\-#,##0.00
P;P#,##0.00;;[Red]\-#,##0.00
P;P"$"\ #,##0;;"$"\ \-#,##0
P;P"$"\ #,##0;;[Red]"$"\ \-#,##0
P;P"$"\ #,##0.00;;"$"\ \-#,##0.00
P;P"$"\ #,##0.00;;[Red]"$"\ \-#,##0.00
P;P0%
P;P0.00%
P;P0.00E+00
P;P##0.0E+0
P;P#\ ?/?
P;P#\ ??/??
P;Pdd/mm/yyyy
P;Pdd/mmm/yy
P;Pdd/mmm
P;Pmmm/yy
P;Phh:mm\ AM/PM
P;Phh:mm:ss\ AM/PM
P;Phh:mm
P;Phh:mm:ss
P;Pdd/mm/yyyy\ hh:mm
P;Pmm:ss
P;Pmm:ss.0
P;P@
P;P[h]:mm:ss
P;P_ "$"\ * #,##0_ ;;_ "$"\ * \-#,##0_ ;;_ "$"\ * "-"_ ;;_ @_ 
P;P_ * #,##0_ ;;_ * \-#,##0_ ;;_ * "-"_ ;;_ @_ 
P;P_ "$"\ * #,##0.00_ ;;_ "$"\ * \-#,##0.00_ ;;_ "$"\ * "-"??_ ;;_ @_ 
P;P_ * #,##0.00_ ;;_ * \-#,##0.00_ ;;_ * "-"??_ ;;_ @_ 
P;FCalibri;M220;L9
P;FCalibri;M220;L9
P;FCalibri;M220;L9
P;FCalibri;M220;L9
P;ECalibri;M220;SB;L10
P;ECalibri;M220;SB;L9
P;ECalibri;M220;L9
P;ECambria;M360;L57
P;ECalibri;M300;SB;L57
P;ECalibri;M260;SB;L57
P;ECalibri;M220;SB;L57
P;ECalibri;M220;L18
P;ECalibri;M220;L21
P;ECalibri;M220;L61
P;ECalibri;M220;L63
P;ECalibri;M220;SB;L64
P;ECalibri;M220;SB;L53
P;ECalibri;M220;L53
P;ECalibri;M220;L11
P;ECalibri;M220;SI;L24
P;ECalibri;M220;L10
P;ESegoe UI;M200;L9
P;ESegoe UI;M200;SB;L9
F;P0;DG0C8;M285
B;Y144;X12;D0 0 143 11
O;L;D;V0;K47;G100 0.001
F;W1 1 27
F;W2 3 35
F;W4 4 43
F;W5 5 63
F;SDLRTBSM5;M315;R1
F;M300;R2
F;SM0;Y1;X1
C;K"ENROLLMENT NO."
F;SM0;X2
C;K"NAME OF STUDENTS"
F;X3
C;K"EMAIL"
F;X4
C;K"Mobile No."
F;X5
C;K"Address"
F;X6
F;X7
F;X8
F;X9
F;X10
F;X11
F;X12
F;Y2;X1
C;K"23BECE30271"
F;X2
C;K"PATEL URVASHI ASHOKBHAI"
F;X3
C;K"urvashichaudhary588@gmail.com"
F;X4
C;K9000000001
F;P0;FG0G;X5
C;K"101, Shree Apartment, Kalawad Road, Rajkot, Gujarat"
F;X6
F;X7
F;X8
F;X9
F;SDM6;X10
F;SDM6;X11
F;SDM6;X12
C;Y3;X1;K"23BECE30272"
C;X2;K"PATEL VAIBHAV HARSHADBHAI"
C;X3;K"vhp19012005@gmail.com"
C;X4;K9000000002
F;P0;FG0G;X5
C;K"102, Shree Apartment, Kalawad Road, Rajkot, Gujarat"
F;P0;FG0G;X10
F;P0;FG0G;X11
F;P0;FG0G;X12
C;Y4;X1;K"23BECE30273"
C;X2;K"PATEL VED AMRATBHAI"
C;X3;K"vedpatel8822@gmail.com"
C;X4;K9000000003
F;P0;FG0G;X5
C;K"103, Shree Apartment, Kalawad Road, Rajkot, Gujarat"
F;P0;FG0G;X10
F;P0;FG0G;X11
F;P0;FG0G;X12
C;Y5;X1;K"23BECE30275"
C;X2;K"PATEL VED NIMESHBHAI"
C;X3;K"pved3006@gmail.com"
C;X4;K9000000004
F;P0;FG0G;X5
C;K"104, Shree Apartment, Kalawad Road, Rajkot, Gujarat"
F;P0;FG0G;X10
F;P0;FG0G;X11
F;P0;FG0G;X12
C;Y6;X1;K"23BECE30276"
C;X2;K"PATEL VIDHI"
C;X3;K"patelvidhi161106@gmail.com"
C;X4;K9000000005
F;P0;FG0G;X5
C;K"105, Shree Apartment, Kalawad Road, Rajkot, Gujarat"
F;P0;FG0G;X10
F;P0;FG0G;X11
F;P0;FG0G;X12
C;Y7;X1;K"23BECE30277"
C;X2;K"PATEL VISHV PARESHKUMAR"
C;X3;K"vishvpateln177@gmail.com"
C;X4;K9000000006
F;P0;FG0G;X5
C;K"106, Shree Apartment, Kalawad Road, Rajkot, Gujarat"
F;P0;FG0G;X10
F;P0;FG0G;X11
F;P0;FG0G;X12
C;Y8;X1;K"23BECE30278"
C;X2;K"VRAJ VINODKUMAR PATEL"
C;X3;K"vrajvpatel1910@gmail.com"
C;X4;K9000000007
F;P0;FG0G;X5
C;K"107, Shree Apartment, Kalawad Road, Rajkot, Gujarat"
F;P0;FG0G;X10
F;P0;FG0G;X11
F;P0;FG0G;X12
C;Y9;X1;K"23BECE30279"
C;X2;K"PATEL VRUTIKA KALPESHBHAI"
C;X3;K"vrutikap348@gmail.com"
C;X4;K9000000008
F;P0;FG0G;X5
C;K"108, Shree Apartment, Kalawad Road, Rajkot, Gujarat"
F;P0;FG0G;X10
F;P0;FG0G;X11
F;P0;FG0G;X12
C;Y10;X1;K"23BECE30280"
C;X2;K"PATEL YANA NAVNITKUMAR"
C;X3;K"yanapatel1276@gmail.com"
C;X4;K9000000009
F;P0;FG0G;X5
C;K"109, Shree Apartment, Kalawad Road, Rajkot, Gujarat"
F;P0;FG0G;X10
F;P0;FG0G;X11
F;P0;FG0G;X12
C;Y11;X1;K"23BECE30281"
C;X2;K"YASH PATEL"
C;X3;K"patelyash140805@gmail.com"
C;X4;K9000000010
F;P0;FG0G;X5
C;K"110, Shree Apartment, Kalawad Road, Rajkot, Gujarat"
F;P0;FG0G;X10
F;P0;FG0G;X11
F;P0;FG0G;X12
C;Y12;X1;K"23BECE30282"
C;X2;K"PATEL YASH MUKESHBHAI"
C;X3;K"yashpatel196196@gmail.com"
C;X4;K9000000011
F;P0;FG0G;X5
C;K"111, Shree Apartment, Kalawad Road, Rajkot, Gujarat"
F;P0;FG0G;X10
F;P0;FG0G;X11
F;P0;FG0G;X12
C;Y13;X1;K"23BECE30283"
C;X2;K"PATEL YASHKUMAR RAKESHBHAI"
C;X3;K"patelyash1757@gmail.com"
C;X4;K9000000012
F;P0;FG0G;X5
C;K"112, Shree Apartment, Kalawad Road, Rajkot, Gujarat"
F;P0;FG0G;X10
F;P0;FG0G;X11
F;P0;FG0G;X12
C;Y14;X1;K"23BECE30284"
C;X2;K"PATEL YESHA NILESHKUMAR"
C;X3;K"yeshanpatel2006@gmail.com"
C;X4;K9000000013
F;P0;FG0G;X5
C;K"113, Shree Apartment, Kalawad Road, Rajkot, Gujarat"
F;P0;FG0G;X10
F;P0;FG0G;X11
F;P0;FG0G;X12
C;Y15;X1;K"23BECE30285"
C;X2;K"PATHAN NAAZ NAWABKHAN"
C;X3;K"naazpathan2997@gmail.com"
C;X4;K9000000014
F;P0;FG0G;X5
C;K"114, Shree Apartment, Kalawad Road, Rajkot, Gujarat"
F;P0;FG0G;X10
F;P0;FG0G;X11
F;P0;FG0G;X12
C;Y16;X1;K"23BECE30286"
C;X2;K"PATOLIYA RUTA RASHMINBHAI"
C;X3;K"rutapatolia2005@gmail.com"
C;X4;K9000000015
F;P0;FG0G;X5
C;K"115, Shree Apartment, Kalawad Road, Rajkot, Gujarat"
F;P0;FG0G;X10
F;P0;FG0G;X11
F;P0;FG0G;X12
C;Y17;X1;K"23BECE30287"
C;X2;K"PETHANI AUM BHAVESH"
C;X3;K"aum.pethani@gmail.com"
C;X4;K9000000016
F;P0;FG0G;X5
C;K"116, Shree Apartment, Kalawad Road, Rajkot, Gujarat"
F;P0;FG0G;X10
F;P0;FG0G;X11
F;P0;FG0G;X12
C;Y18;X1;K"23BECE30288"
C;X2;K"PATEL MEET PINTU"
C;X3;K"pintujpatel74@gmail.com"
C;X4;K9000000017
F;P0;FG0G;X5
C;K"117, Shree Apartment, Kalawad Road, Rajkot, Gujarat"
F;P0;FG0G;X10
F;P0;FG0G;X11
F;P0;FG0G;X12
C;Y19;X1;K"23BECE30289"
C;X2;K"PIPALIYA HEER MANSUKHLAL"
C;X3;K"heerpipaliya08@gmail.com"
C;X4;K9000000018
F;P0;FG0G;X5
C;K"118, Shree Apartment, Kalawad Road, Rajkot, Gujarat"
F;P0;FG0G;X10
F;P0;FG0G;X11
F;P0;FG0G;X12
C;Y20;X1;K"23BECE30290"
C;X2;K"PITHADIYA SAHIL PARASBHAI"
C;X3;K"sahilpithadiya2304@gmail.com"
C;X4;K9000000019
F;P0;FG0G;X5
C;K"119, Shree Apartment, Kalawad Road, Rajkot, Gujarat"
F;P0;FG0G;X10
F;P0;FG0G;X11
F;P0;FG0G;X12
C;Y21;X1;K"23BECE30291"
C;X2;K"POKIYA HETAVIN MANOJBHAI"
C;X3;K"hetavinpokiya4672@gmail.com"
C;X4;K9000000020
F;P0;FG0G;X5
C;K"120, Shree Apartment, Kalawad Road, Rajkot, Gujarat"
F;P0;FG0G;X10
F;P0;FG0G;X11
F;P0;FG0G;X12
C;Y22;X1;K"23BECE30292"
C;X2;K"PRAJAPATI ANISH NITINKUMAR"
C;X3;K"anishprajapati1586@gmail.com"
C;X4;K9000000021
F;P0;FG0G;X5
C;K"121, Shree Apartment, Kalawad Road, Rajkot, Gujarat"
F;P0;FG0G;X10
F;P0;FG0G;X11
F;P0;FG0G;X12
C;Y23;X1;K"23BECE30293"
C;X2;K"PRAJAPATI DHRUV ASHOKBHAI"
C;X3;K"dhruvprajapati6812@gmail.com"
C;X4;K9000000022
F;P0;FG0G;X5
C;K"122, Shree Apartment, Kalawad Road, Rajkot, Gujarat"
F;P0;FG0G;X10
F;P0;FG0G;X11
F;P0;FG0G;X12
C;Y24;X1;K"23BECE30294"
C;X2;K"PRAJAPATI JINAY DEEPAKKUMAR"
C;X3;K"prajapatijinay2275@gmail.com"
C;X4;K9000000023
F;P0;FG0G;X5
C;K"123, Shree Apartment, Kalawad Road, Rajkot, Gujarat"
F;P0;FG0G;X10
F;P0;FG0G;X11
F;P0;FG0G;X12
C;Y25;X1;K"23BECE30295"
C;X2;K"PRAJAPATI SHREY KANAIYALAL"
C;X3;K"prajapatishrey81@gmail.com"
C;X4;K9000000024
F;P0;FG0G;X5
C;K"124, Shree Apartment, Kalawad Road, Rajkot, Gujarat"
F;P0;FG0G;X10
F;P0;FG0G;X11
F;P0;FG0G;X12
C;Y26;X1;K"23BECE30296"
C;X2;K"PRAJAPATI SUMIT SURESHBHAI"
C;X3;K"sumitprajapati4456@gmail.com"
C;X4;K9000000025
F;P0;FG0G;X5
C;K"125, Shree Apartment, Kalawad Road, Rajkot, Gujarat"
F;P0;FG0G;X10
F;P0;FG0G;X11
F;P0;FG0G;X12
C;Y27;X1;K"23BECE30297"
C;X2;K"PRAJAPATI VIVEK PRAKASHKUMAR"
C;X3;K"vivekprajapati8449@gmail.com"
C;X4;K9000000026
F;P0;FG0G;X5
C;K"126, Shree Apartment, Kalawad Road, Rajkot, Gujarat"
F;P0;FG0G;X10
F;P0;FG0G;X11
F;P0;FG0G;X12
C;Y28;X1;K"23BECE30299"
C;X2;K"PUVAR SHREYA PRADYUMANSINH"
C;X3;K"sppuvar9629@gmail.com"
C;X4;K9000000027
F;P0;FG0G;X5
C;K"127, Shree Apartment, Kalawad Road, Rajkot, Gujarat"
F;P0;FG0G;X10
F;P0;FG0G;X11
F;P0;FG0G;X12
C;Y29;X1;K"23BECE30300"
C;X2;K"SHIVAM RAJ"
C;X3;K"shivamdel070@gmail.com"
C;X4;K9000000028
F;P0;FG0G;X5
C;K"128, Shree Apartment, Kalawad Road, Rajkot, Gujarat"
F;P0;FG0G;X10
F;P0;FG0G;X11
F;P0;FG0G;X12
C;Y30;X1;K"23BECE30301"
C;X2;K"RAJANI HETVI DHARMENDRA"
C;X3;K"hetvirajani11@gmail.com"
C;X4;K9000000029
F;P0;FG0G;X5
C;K"129, Shree Apartment, Kalawad Road, Rajkot, Gujarat"
F;P0;FG0G;X10
F;P0;FG0G;X11
F;P0;FG0G;X12
C;Y31;X1;K"23BECE30302"
C;X2;K"RAJPUT VISHVJITSINGH BIRESHKUMAR"
C;X3;K"vishvjitrajput04@gmail.com"
C;X4;K9000000030
F;P0;FG0G;X5
C;K"130, Shree Apartment, Kalawad Road, Rajkot, Gujarat"
F;P0;FG0G;X10
F;P0;FG0G;X11
F;P0;FG0G;X12
C;Y32;X1;K"23BECE30303"
C;X2;K"BRIJESH RAKHOLIYA"
C;X3;K"brijeshrakholiya001@gmail.com"
C;X4;K9000000031
F;P0;FG0G;X5
C;K"131, Shree Apartment, Kalawad Road, Rajkot, Gujarat"
F;P0;FG0G;X10
F;P0;FG0G;X11
F;P0;FG0G;X12
C;Y33;X1;K"23BECE30304"
C;X2;K"RAMRAKHIYA PRATHAM ANAND"
C;X3;K"prathamramrakhiya007@gmail.com"
C;X4;K9000000032
F;P0;FG0G;X5
C;K"132, Shree Apartment, Kalawad Road, Rajkot, Gujarat"
F;P0;FG0G;X10
F;P0;FG0G;X11
F;P0;FG0G;X12
C;Y34;X1;K"23BECE30305"
C;X2;K"HET RANA"
C;X3;K"ranahet8@gmail.com"
C;X4;K9000000033
F;P0;FG0G;X5
C;K"133, Shree Apartment, Kalawad Road, Rajkot, Gujarat"
F;P0;FG0G;X10
F;P0;FG0G;X11
F;P0;FG0G;X12
C;Y35;X1;K"23BECE30306"
C;X2;K"RANINGA HEER PARESH"
C;X3;K"raningaheer@gmail.com"
C;X4;K9000000034
F;P0;FG0G;X5
C;K"134, Shree Apartment, Kalawad Road, Rajkot, Gujarat"
F;P0;FG0G;X10
F;P0;FG0G;X11
F;P0;FG0G;X12
C;Y36;X1;K"23BECE30307"
C;X2;K"RATANPARA AKHIL PANKAJBHAI"
C;X3;K"akhilratanpara32@gmail.com"
C;X4;K9000000035
F;P0;FG0G;X5
C;K"135, Shree Apartment, Kalawad Road, Rajkot, Gujarat"
F;P0;FG0G;X10
F;P0;FG0G;X11
F;P0;FG0G;X12
C;Y37;X1;K"23BECE30308"
C;X2;K"RATHOD HARSHKUMAR JAGDISHBHAI"
C;X3;K"harshrathod3805@gmail.com"
C;X4;K9000000036
F;P0;FG0G;X5
C;K"136, Shree Apartment, Kalawad Road, Rajkot, Gujarat"
F;P0;FG0G;X10
F;P0;FG0G;X11
F;P0;FG0G;X12
C;Y38;X1;K"23BECE30309"
C;X2;K"RATHUD AASTHA"
C;X3;K"aastharathod2112@gmail.com"
C;X4;K9000000037
F;P0;FG0G;X5
C;K"137, Shree Apartment, Kalawad Road, Rajkot, Gujarat"
F;P0;FG0G;X10
F;P0;FG0G;X11
F;P0;FG0G;X12
C;Y39;X1;K"23BECE30310"
C;X2;K"RAULJI KULDEEPSINH SANJAYSINH"
C;X3;K"Kuldeepsinhraulji227@gmail.com"
C;X4;K9000000038
F;P0;FG0G;X5
C;K"138, Shree Apartment, Kalawad Road, Rajkot, Gujarat"
F;P0;FG0G;X10
F;P0;FG0G;X11
F;P0;FG0G;X12
C;Y40;X1;K"23BECE30311"
C;X2;K"RAULJI MEETRAJSINH VIRENDRASINH"
C;X3;K"meetrajraulji273@gmail.com"
C;X4;K9000000039
F;P0;FG0G;X5
C;K"139, Shree Apartment, Kalawad Road, Rajkot, Gujarat"
F;P0;FG0G;X10
F;P0;FG0G;X11
F;P0;FG0G;X12
C;Y41;X1;K"23BECE30312"
C;X2;K"RAVAL JANVI DEVENDRAKUMAR"
C;X3;K"ravaljanvi2006@gmail.com"
C;X4;K9000000040
F;P0;FG0G;X5
C;K"140, Shree Apartment, Kalawad Road, Rajkot, Gujarat"
F;P0;FG0G;X10
F;P0;FG0G;X11
F;P0;FG0G;X12
C;Y42;X1;K"23BECE30313"
C;X2;K"RAVAL JAY DHIMANT"
C;X3;K"jdraval30@gmail.com"
C;X4;K9000000041
F;P0;FG0G;X5
C;K"141, Shree Apartment, Kalawad Road, Rajkot, Gujarat"
F;P0;FG0G;X10
F;P0;FG0G;X11
F;P0;FG0G;X12
C;Y43;X1;K"23BECE30314"
C;X2;K"RAWAT MONARCH SUJEET"
C;X3;K"monarchrawat@gmail.com"
C;X4;K9000000042
F;P0;FG0G;X5
C;K"142, Shree Apartment, Kalawad Road, Rajkot, Gujarat"
F;P0;FG0G;X10
F;P0;FG0G;X11
F;P0;FG0G;X12
C;Y44;X1;K"23BECE30316"
C;X2;K"RUPALA DIVYESH SANJAYKUMAR"
C;X3;K"divyeshrupala789@gmail.com"
C;X4;K9000000043
F;P0;FG0G;X5
C;K"143, Shree Apartment, Kalawad Road, Rajkot, Gujarat"
F;P0;FG0G;X10
F;P0;FG0G;X11
F;P0;FG0G;X12
C;Y45;X1;K"23BECE30317"
C;X2;K"RUPAPARA VASU PRADIPBHAI"
C;X3;K"vasurupapara5@gmail.com"
C;X4;K9000000044
F;P0;FG0G;X5
C;K"144, Shree Apartment, Kalawad Road, Rajkot, Gujarat"
F;P0;FG0G;X10
F;P0;FG0G;X11
F;P0;FG0G;X12
C;Y46;X1;K"23BECE30318"
C;X2;K"RUPAVATIYA DHRUV SHAILESHBHAI"
C;X3;K"dhruvrupavatiya46@gmail.com"
C;X4;K9000000045
F;P0;FG0G;X5
C;K"145, Shree Apartment, Kalawad Road, Rajkot, Gujarat"
F;P0;FG0G;X10
F;P0;FG0G;X11
F;P0;FG0G;X12
C;Y47;X1;K"23BECE30319"
C;X2;K"SACHCHADE MEERA KIRANKUMAR"
C;X3;K"meerasachchade14@gmail.com"
C;X4;K9000000046
F;P0;FG0G;X5
C;K"146, Shree Apartment, Kalawad Road, Rajkot, Gujarat"
F;P0;FG0G;X10
F;P0;FG0G;X11
F;P0;FG0G;X12
C;Y48;X1;K"23BECE30320"
C;X2;K"SAGAR SATYAM KANUBHAI"
C;X3;K"satyamksagar2006@gmail.com"
C;X4;K9000000047
F;P0;FG0G;X5
C;K"147, Shree Apartment, Kalawad Road, Rajkot, Gujarat"
F;P0;FG0G;X10
F;P0;FG0G;X11
F;P0;FG0G;X12
C;Y49;X1;K"23BECE30321"
C;X2;K"SAIJA POOJAN SAILESHKUMAR"
C;X3;K"saijapoojan@gmail.com"
C;X4;K9000000048
F;P0;FG0G;X5
C;K"148, Shree Apartment, Kalawad Road, Rajkot, Gujarat"
F;P0;FG0G;X10
F;P0;FG0G;X11
F;P0;FG0G;X12
C;Y50;X1;K"23BECE30322"
C;X2;K"SANGANI ABHISHEK BHADRESHBHAI"
C;X3;K"abhisheksangani5@gmail.com"
C;X4;K9000000049
F;P0;FG0G;X5
C;K"149, Shree Apartment, Kalawad Road, Rajkot, Gujarat"
F;P0;FG0G;X10
F;P0;FG0G;X11
F;P0;FG0G;X12
C;Y51;X1;K"23BECE30323"
C;X2;K"SANGHANI NEHANSHI ASHWINBHAI"
C;X3;K"nehanshisanghani261@gmail.com"
C;X4;K9000000050
F;P0;FG0G;X5
C;K"150, Shree Apartment, Kalawad Road, Rajkot, Gujarat"
F;P0;FG0G;X10
F;P0;FG0G;X11
F;P0;FG0G;X12
C;Y52;X1;K"23BECE30324"
C;X2;K"SAPARIYA TIRTH KISHOR"
C;X3;K"tirthsapariya7773@gmail.com"
C;X4;K9000000051
F;P0;FG0G;X5
C;K"151, Shree Apartment, Kalawad Road, Rajkot, Gujarat"
F;P0;FG0G;X10
F;P0;FG0G;X11
F;P0;FG0G;X12
C;Y53;X1;K"23BECE30325"
C;X2;K"SAVSANI MANN ANILBHAI"
C;X3;K"mannsavsani@gmail.com"
C;X4;K9000000052
F;P0;FG0G;X5
C;K"152, Shree Apartment, Kalawad Road, Rajkot, Gujarat"
F;P0;FG0G;X10
F;P0;FG0G;X11
F;P0;FG0G;X12
C;Y54;X1;K"23BECE30326"
C;X2;K"SAVSANI NEEL BIPINBHAI"
C;X3;K"neelsavsani1@gmail.com"
C;X4;K9000000053
F;P0;FG0G;X5
C;K"153, Shree Apartment, Kalawad Road, Rajkot, Gujarat"
F;P0;FG0G;X10
F;P0;FG0G;X11
F;P0;FG0G;X12
C;Y55;X1;K"23BECE30327"
C;X2;K"SENJALIYA SAHIL VIPULBHAI"
C;X3;K"sahilsenjaliya1809@gmail.com"
C;X4;K9000000054
F;P0;FG0G;X5
C;K"154, Shree Apartment, Kalawad Road, Rajkot, Gujarat"
F;P0;FG0G;X10
F;P0;FG0G;X11
F;P0;FG0G;X12
C;Y56;X1;K"23BECE30328"
C;X2;K"SHAH AKSHAT HARDIKKUMAR"
C;X3;K"akshatshah1807@gmail.com"
C;X4;K9000000055
F;P0;FG0G;X5
C;K"155, Shree Apartment, Kalawad Road, Rajkot, Gujarat"
F;P0;FG0G;X10
F;P0;FG0G;X11
F;P0;FG0G;X12
C;Y57;X1;K"23BECE30329"
C;X2;K"SHAH ARYAN ALPESHKUMAR"
C;X3;K"aryanshah58091@gmail.com"
C;X4;K9000000056
F;P0;FG0G;X5
C;K"156, Shree Apartment, Kalawad Road, Rajkot, Gujarat"
F;P0;FG0G;X10
F;P0;FG0G;X11
F;P0;FG0G;X12
C;Y58;X1;K"23BECE30330"
C;X2;K"SHAH DEVAM KINNAR"
C;X3;K"devamshah2005@gmail.com"
C;X4;K9000000057
F;P0;FG0G;X5
C;K"157, Shree Apartment, Kalawad Road, Rajkot, Gujarat"
F;P0;FG0G;X10
F;P0;FG0G;X11
F;P0;FG0G;X12
C;Y59;X1;K"23BECE30331"
C;X2;K"JANVI SHAH"
C;X3;K"shahjanvi2005@gmail.com"
C;X4;K9000000058
F;P0;FG0G;X5
C;K"158, Shree Apartment, Kalawad Road, Rajkot, Gujarat"
F;P0;FG0G;X10
F;P0;FG0G;X11
F;P0;FG0G;X12
C;Y60;X1;K"23BECE30332"
C;X2;K"SHAH MANASVI TARUN"
C;X3;K"shahmanasvi1625@gmail.com"
C;X4;K9000000059
F;P0;FG0G;X5
C;K"159, Shree Apartment, Kalawad Road, Rajkot, Gujarat"
F;P0;FG0G;X10
F;P0;FG0G;X11
F;P0;FG0G;X12
C;Y61;X1;K"23BECE30333"
C;X2;K"SHAH PUSHYA GAURANGBHAI"
C;X3;K"pushyashah15@gmail.com"
C;X4;K9000000060
F;P0;FG0G;X5
C;K"160, Shree Apartment, Kalawad Road, Rajkot, Gujarat"
F;P0;FG0G;X10
F;P0;FG0G;X11
F;P0;FG0G;X12
C;Y62;X1;K"23BECE30334"
C;X2;K"SHAH RIDHAM DIPAKKUMAR"
C;X3;K"ridhamshah625@gmail.com"
C;X4;K9000000061
F;P0;FG0G;X5
C;K"161, Shree Apartment, Kalawad Road, Rajkot, Gujarat"
F;P0;FG0G;X10
F;P0;FG0G;X11
F;P0;FG0G;X12
C;Y63;X1;K"23BECE30335"
C;X2;K"SHAH VANSH SANJAYKUMAR"
C;X3;K"vanshsshah.2005@gmail.com"
C;X4;K9000000062
F;P0;FG0G;X5
C;K"162, Shree Apartment, Kalawad Road, Rajkot, Gujarat"
F;P0;FG0G;X10
F;P0;FG0G;X11
F;P0;FG0G;X12
C;Y64;X1;K"23BECE30336"
C;X2;K"SHARMA KRISH SANJAYBHAI"
C;X3;K"ks969585@gmail.com"
C;X4;K9000000063
F;P0;FG0G;X5
C;K"163, Shree Apartment, Kalawad Road, Rajkot, Gujarat"
F;P0;FG0G;X10
F;P0;FG0G;X11
F;P0;FG0G;X12
C;Y65;X1;K"23BECE30337"
C;X2;K"RISHABH SHARMA"
C;X3;K"rishabhsharma5690@gmail.com"
C;X4;K9000000064
F;P0;FG0G;X5
C;K"164, Shree Apartment, Kalawad Road, Rajkot, Gujarat"
F;P0;FG0G;X10
F;P0;FG0G;X11
F;P0;FG0G;X12
C;Y66;X1;K"224SBECE30043"
C;X2;K"PATEL OM VIJAYKUMAR"
C;X3;K"ompatel.2573@gmail.com"
C;X4;K9000000065
F;P0;FG0G;X5
C;K"165, Shree Apartment, Kalawad Road, Rajkot, Gujarat"
F;P0;FG0G;X10
F;P0;FG0G;X11
F;P0;FG0G;X12
C;Y67;X1;K"224SBECE30045"
C;X2;K"PATEL PUNIT RAKESHBHAI"
C;X3;K"punitr2006@gmail.com"
C;X4;K9000000066
F;P0;FG0G;X5
C;K"166, Shree Apartment, Kalawad Road, Rajkot, Gujarat"
F;P0;FG0G;X10
F;P0;FG0G;X11
F;P0;FG0G;X12
C;Y68;X1;K"224SBECE30046"
C;X2;K"PATEL PURV ALPESHBHAI"
C;X3;K"purvapatel4239@gmail.com"
C;X4;K9000000067
F;P0;FG0G;X5
C;K"167, Shree Apartment, Kalawad Road, Rajkot, Gujarat"
F;P0;FG0G;X10
F;P0;FG0G;X11
F;P0;FG0G;X12
C;Y69;X1;K"224SBECE30047"
C;X2;K"RAHI GAUTAMKUMAR PATEL"
C;X3;K"rahipatel3972@gmail.com"
C;X4;K9000000068
F;P0;FG0G;X5
C;K"168, Shree Apartment, Kalawad Road, Rajkot, Gujarat"
F;P0;FG0G;X10
F;P0;FG0G;X11
F;P0;FG0G;X12
C;Y70;X1;K"224SBECE30048"
C;X2;K"PATEL RAHI SURESHBHAI"
C;X3;K"rahipatel20206@gmail.com"
C;X4;K9000000069
F;P0;FG0G;X5
C;K"169, Shree Apartment, Kalawad Road, Rajkot, Gujarat"
F;P0;FG0G;X10
F;P0;FG0G;X11
F;P0;FG0G;X12
C;Y71;X1;K"224SBECE30049"
C;X2;K"PATEL SHIKHAR HARESHBHAI"
C;X3;K"Shikhar3505@gmail.com"
C;X4;K9000000070
F;P0;FG0G;X5
C;K"170, Shree Apartment, Kalawad Road, Rajkot, Gujarat"
F;P0;FG0G;X10
F;P0;FG0G;X11
F;P0;FG0G;X12
C;Y72;X1;K"224SBECE30050"
C;X2;K"PATEL TRUSHA FALGUNBHAI"
C;X3;K"patelfalgun7320@gmail.com"
C;X4;K9000000071
F;P0;FG0G;X5
C;K"171, Shree Apartment, Kalawad Road, Rajkot, Gujarat"
F;P0;FG0G;X10
F;P0;FG0G;X11
F;P0;FG0G;X12
C;Y73;X1;K"23BEIT30143"
C;X2;K"PATEL PRIYANSHI PRAKASHBHAI"
C;X3;K"urvashichaudhary588@gmail.com"
C;X4;K9000000001
F;P0;FG0G;X5
C;K"101, Shree Apartment, Kalawad Road, Rajkot, Gujarat"
F;P0;FG0G;X10
F;P0;FG0G;X11
F;P0;FG0G;X12
C;Y74;X1;K"23BEIT30144"
C;X2;K"RAMYA PATEL"
C;X3;K"vhp19012005@gmail.com"
C;X4;K9000000002
F;P0;FG0G;X5
C;K"102, Shree Apartment, Kalawad Road, Rajkot, Gujarat"
C;Y75;X1;K"23BEIT30145"
C;X2;K"PATEL RIYABEN NARESHBHAI"
C;X3;K"vedpatel8822@gmail.com"
C;X4;K9000000003
F;P0;FG0G;X5
C;K"103, Shree Apartment, Kalawad Road, Rajkot, Gujarat"
C;Y76;X1;K"23BEIT30146"
C;X2;K"PATEL ROMIL PRATIKBHAI"
C;X3;K"pved3006@gmail.com"
C;X4;K9000000004
F;P0;FG0G;X5
C;K"104, Shree Apartment, Kalawad Road, Rajkot, Gujarat"
C;Y77;X1;K"23BEIT30147"
C;X2;K"PATEL SAMARTH JITENKUMAR"
C;X3;K"patelvidhi161106@gmail.com"
C;X4;K9000000005
F;P0;FG0G;X5
C;K"105, Shree Apartment, Kalawad Road, Rajkot, Gujarat"
C;Y78;X1;K"23BEIT30148"
C;X2;K"PATEL SARTHAK VIPULKUMAR"
C;X3;K"vishvpateln177@gmail.com"
C;X4;K9000000006
F;P0;FG0G;X5
C;K"106, Shree Apartment, Kalawad Road, Rajkot, Gujarat"
C;Y79;X1;K"23BEIT30149"
C;X2;K"PATEL SHAN CHANDRESHKUMAR"
C;X3;K"vrajvpatel1910@gmail.com"
C;X4;K9000000007
F;P0;FG0G;X5
C;K"107, Shree Apartment, Kalawad Road, Rajkot, Gujarat"
C;Y80;X1;K"23BEIT30150"
C;X2;K"PATEL SHREYA HITESHBHAI"
C;X3;K"vrutikap348@gmail.com"
C;X4;K9000000008
F;P0;FG0G;X5
C;K"108, Shree Apartment, Kalawad Road, Rajkot, Gujarat"
C;Y81;X1;K"23BEIT30151"
C;X2;K"PATEL SHUBH SUNILBHAI"
C;X3;K"yanapatel1276@gmail.com"
C;X4;K9000000009
F;P0;FG0G;X5
C;K"109, Shree Apartment, Kalawad Road, Rajkot, Gujarat"
C;Y82;X1;K"23BEIT30152"
C;X2;K"PATEL SHUBH SUNEELBHAI"
C;X3;K"patelyash140805@gmail.com"
C;X4;K9000000010
F;P0;FG0G;X5
C;K"110, Shree Apartment, Kalawad Road, Rajkot, Gujarat"
C;Y83;X1;K"23BEIT30153"
C;X2;K"PATEL SMITKUMAR SANKETBHAI"
C;X3;K"yashpatel196196@gmail.com"
C;X4;K9000000011
F;P0;FG0G;X5
C;K"111, Shree Apartment, Kalawad Road, Rajkot, Gujarat"
C;Y84;X1;K"23BEIT30154"
C;X2;K"PATEL SOHAM KAMLESHBHAI"
C;X3;K"patelyash1757@gmail.com"
C;X4;K9000000012
F;P0;FG0G;X5
C;K"112, Shree Apartment, Kalawad Road, Rajkot, Gujarat"
C;Y85;X1;K"23BEIT30155"
C;X2;K"PATEL SOHAM MUKESHBHAI"
C;X3;K"yeshanpatel2006@gmail.com"
C;X4;K9000000013
F;P0;FG0G;X5
C;K"113, Shree Apartment, Kalawad Road, Rajkot, Gujarat"
C;Y86;X1;K"23BEIT30156"
C;X2;K"PATEL SUJAL KHODABHAI"
C;X3;K"naazpathan2997@gmail.com"
C;X4;K9000000014
F;P0;FG0G;X5
C;K"114, Shree Apartment, Kalawad Road, Rajkot, Gujarat"
C;Y87;X1;K"23BEIT30157"
C;X2;K"PATEL TIRTH ASHOKBHAI"
C;X3;K"rutapatolia2005@gmail.com"
C;X4;K9000000015
F;P0;FG0G;X5
C;K"115, Shree Apartment, Kalawad Road, Rajkot, Gujarat"
C;Y88;X1;K"23BEIT30158"
C;X2;K"PATEL TIRTH UPENDRAKUMAR"
C;X3;K"aum.pethani@gmail.com"
C;X4;K9000000016
F;P0;FG0G;X5
C;K"116, Shree Apartment, Kalawad Road, Rajkot, Gujarat"
C;Y89;X1;K"23BEIT30159"
C;X2;K"PATEL TUSHAR KIRITKUMAR"
C;X3;K"pintujpatel74@gmail.com"
C;X4;K9000000017
F;P0;FG0G;X5
C;K"117, Shree Apartment, Kalawad Road, Rajkot, Gujarat"
C;Y90;X1;K"23BEIT30160"
C;X2;K"PATEL VED MAHESHKUMAR"
C;X3;K"heerpipaliya08@gmail.com"
C;X4;K9000000018
F;P0;FG0G;X5
C;K"118, Shree Apartment, Kalawad Road, Rajkot, Gujarat"
C;Y91;X1;K"23BEIT30161"
C;X2;K"PATEL VEDKUMAR SURESHBHAI"
C;X3;K"sahilpithadiya2304@gmail.com"
C;X4;K9000000019
F;P0;FG0G;X5
C;K"119, Shree Apartment, Kalawad Road, Rajkot, Gujarat"
C;Y92;X1;K"23BEIT30162"
C;X2;K"VRAJKUMAR PATEL"
C;X3;K"hetavinpokiya4672@gmail.com"
C;X4;K9000000020
F;P0;FG0G;X5
C;K"120, Shree Apartment, Kalawad Road, Rajkot, Gujarat"
C;Y93;X1;K"23BEIT30163"
C;X2;K"PATEL YASH MAHENDRABHAI"
C;X3;K"anishprajapati1586@gmail.com"
C;X4;K9000000021
F;P0;FG0G;X5
C;K"121, Shree Apartment, Kalawad Road, Rajkot, Gujarat"
C;Y94;X1;K"23BEIT30165"
C;X2;K"PATEL YUG DINESHKUMAR"
C;X3;K"dhruvprajapati6812@gmail.com"
C;X4;K9000000022
F;P0;FG0G;X5
C;K"122, Shree Apartment, Kalawad Road, Rajkot, Gujarat"
C;Y95;X1;K"23BEIT30166"
C;X2;K"PATEL YUG PARESHKUMAR"
C;X3;K"prajapatijinay2275@gmail.com"
C;X4;K9000000023
F;P0;FG0G;X5
C;K"123, Shree Apartment, Kalawad Road, Rajkot, Gujarat"
C;Y96;X1;K"23BEIT30167"
C;X2;K"PRAJAPATI BHAUMIK ASHWINBHAI"
C;X3;K"prajapatishrey81@gmail.com"
C;X4;K9000000024
F;P0;FG0G;X5
C;K"124, Shree Apartment, Kalawad Road, Rajkot, Gujarat"
C;Y97;X1;K"23BEIT30168"
C;X2;K"PRAJAPATI DHRUV RAJESHKUMAR"
C;X3;K"sumitprajapati4456@gmail.com"
C;X4;K9000000025
F;P0;FG0G;X5
C;K"125, Shree Apartment, Kalawad Road, Rajkot, Gujarat"
C;Y98;X1;K"23BEIT30169"
C;X2;K"PRAJAPATI GAURAVKUMAR AMRUTBHAI"
C;X3;K"vivekprajapati8449@gmail.com"
C;X4;K9000000026
F;P0;FG0G;X5
C;K"126, Shree Apartment, Kalawad Road, Rajkot, Gujarat"
C;Y99;X1;K"23BEIT30170"
C;X2;K"PRAJAPATI HITESH RUPESHBHAI"
C;X3;K"sppuvar9629@gmail.com"
C;X4;K9000000027
F;P0;FG0G;X5
C;K"127, Shree Apartment, Kalawad Road, Rajkot, Gujarat"
C;Y100;X1;K"23BEIT30171"
C;X2;K"PRAJAPATI MAITRI SUNILBHAI"
C;X3;K"shivamdel070@gmail.com"
C;X4;K9000000028
F;P0;FG0G;X5
C;K"128, Shree Apartment, Kalawad Road, Rajkot, Gujarat"
C;Y101;X1;K"23BEIT30172"
C;X2;K"PRAJAPATI MANAVKUMAR SANJAYBHAI"
C;X3;K"hetvirajani11@gmail.com"
C;X4;K9000000029
F;P0;FG0G;X5
C;K"129, Shree Apartment, Kalawad Road, Rajkot, Gujarat"
C;Y102;X1;K"23BEIT30173"
C;X2;K"PRAJAPATI NEEL PANKAJKUMAR"
C;X3;K"vishvjitrajput04@gmail.com"
C;X4;K9000000030
F;P0;FG0G;X5
C;K"130, Shree Apartment, Kalawad Road, Rajkot, Gujarat"
C;Y103;X1;K"23BEIT30174"
C;X2;K"PRAJAPATI YASH YOGESHBHAI"
C;X3;K"brijeshrakholiya001@gmail.com"
C;X4;K9000000031
F;P0;FG0G;X5
C;K"131, Shree Apartment, Kalawad Road, Rajkot, Gujarat"
C;Y104;X1;K"23BEIT30175"
C;X2;K"PUJARA PINALBEN HARSHADKUMAR"
C;X3;K"prathamramrakhiya007@gmail.com"
C;X4;K9000000032
F;P0;FG0G;X5
C;K"132, Shree Apartment, Kalawad Road, Rajkot, Gujarat"
C;Y105;X1;K"23BEIT30176"
C;X2;K"PUVAR RUSHABHRAJSINH RAJENDRASINH"
C;X3;K"ranahet8@gmail.com"
C;X4;K9000000033
F;P0;FG0G;X5
C;K"133, Shree Apartment, Kalawad Road, Rajkot, Gujarat"
C;Y106;X1;K"23BEIT30177"
C;X2;K"PUWAR JAYVIR SINH"
C;X3;K"raningaheer@gmail.com"
C;X4;K9000000034
F;P0;FG0G;X5
C;K"134, Shree Apartment, Kalawad Road, Rajkot, Gujarat"
C;Y107;X1;K"23BEIT30178"
C;X2;K"RAIYANI SAVAN DILIPBHAI"
C;X3;K"akhilratanpara32@gmail.com"
C;X4;K9000000035
F;P0;FG0G;X5
C;K"135, Shree Apartment, Kalawad Road, Rajkot, Gujarat"
C;Y108;X1;K"23BEIT30180"
C;X2;K"RAJPUROHIT MAHENDRASINH JAGMALSINH"
C;X3;K"harshrathod3805@gmail.com"
C;X4;K9000000036
F;P0;FG0G;X5
C;K"136, Shree Apartment, Kalawad Road, Rajkot, Gujarat"
C;Y109;X1;K"23BEIT30181"
C;X2;K"NISHITKUMAR SURESHSINH RAJPUT"
C;X3;K"aastharathod2112@gmail.com"
C;X4;K9000000037
F;P0;FG0G;X5
C;K"137, Shree Apartment, Kalawad Road, Rajkot, Gujarat"
C;Y110;X1;K"23BEIT30182"
C;X2;K"RATHOD VED RASHMINBHAI"
C;X3;K"Kuldeepsinhraulji227@gmail.com"
C;X4;K9000000038
F;P0;FG0G;X5
C;K"138, Shree Apartment, Kalawad Road, Rajkot, Gujarat"
C;Y111;X1;K"23BEIT30183"
C;X2;K"CHHODVADIYA KENIL SANJAYBHAI"
C;X3;K"meetrajraulji273@gmail.com"
C;X4;K9000000039
F;P0;FG0G;X5
C;K"139, Shree Apartment, Kalawad Road, Rajkot, Gujarat"
C;Y112;X1;K"23BEIT30184"
C;X2;K"SHAH DHAWAN MILANKUMAR"
C;X3;K"ravaljanvi2006@gmail.com"
C;X4;K9000000040
F;P0;FG0G;X5
C;K"140, Shree Apartment, Kalawad Road, Rajkot, Gujarat"
C;Y113;X1;K"23BEIT30185"
C;X2;K"SHAH VIRANGKUMAR HARDIKBHAI"
C;X3;K"jdraval30@gmail.com"
C;X4;K9000000041
F;P0;FG0G;X5
C;K"141, Shree Apartment, Kalawad Road, Rajkot, Gujarat"
C;Y114;X1;K"23BEIT30187"
C;X2;K"SHIROYA PARTH PRAHLADBHAI"
C;X3;K"monarchrawat@gmail.com"
C;X4;K9000000042
F;P0;FG0G;X5
C;K"142, Shree Apartment, Kalawad Road, Rajkot, Gujarat"
C;Y115;X1;K"23BEIT30188"
C;X2;K"SHRIMALI PRITI CHANDRAKANT"
C;X3;K"divyeshrupala789@gmail.com"
C;X4;K9000000043
F;P0;FG0G;X5
C;K"143, Shree Apartment, Kalawad Road, Rajkot, Gujarat"
C;Y116;X1;K"23BEIT30189"
C;X2;K"SINGH ADITYA AJAY"
C;X3;K"vasurupapara5@gmail.com"
C;X4;K9000000044
F;P0;FG0G;X5
C;K"144, Shree Apartment, Kalawad Road, Rajkot, Gujarat"
C;Y117;X1;K"23BEIT30190"
C;X2;K"SINOJIYA PUSHTI JITENDRABHAI"
C;X3;K"dhruvrupavatiya46@gmail.com"
C;X4;K9000000045
F;P0;FG0G;X5
C;K"145, Shree Apartment, Kalawad Road, Rajkot, Gujarat"
C;Y118;X1;K"23BEIT30192"
C;X2;K"SOLANKI ROSHANI JAYESHKUMAR"
C;X3;K"meerasachchade14@gmail.com"
C;X4;K9000000046
F;P0;FG0G;X5
C;K"146, Shree Apartment, Kalawad Road, Rajkot, Gujarat"
C;Y119;X1;K"23BEIT30193"
C;X2;K"SOLANKI TWINKLE PARSOTAM"
C;X3;K"satyamksagar2006@gmail.com"
C;X4;K9000000047
F;P0;FG0G;X5
C;K"147, Shree Apartment, Kalawad Road, Rajkot, Gujarat"
C;Y120;X1;K"23BEIT30194"
C;X2;K"SONI HET KAUSHIKKUMAR"
C;X3;K"saijapoojan@gmail.com"
C;X4;K9000000048
F;P0;FG0G;X5
C;K"148, Shree Apartment, Kalawad Road, Rajkot, Gujarat"
C;Y121;X1;K"23BEIT30196"
C;X2;K"SUTHAR HARIT DHARMENDRABHAI"
C;X3;K"abhisheksangani5@gmail.com"
C;X4;K9000000049
F;P0;FG0G;X5
C;K"149, Shree Apartment, Kalawad Road, Rajkot, Gujarat"
C;Y122;X1;K"23BEIT30197"
C;X2;K"SUTHAR PRANAYKUMAR SHAILESHBHAI"
C;X3;K"nehanshisanghani261@gmail.com"
C;X4;K9000000050
F;P0;FG0G;X5
C;K"150, Shree Apartment, Kalawad Road, Rajkot, Gujarat"
C;Y123;X1;K"23BEIT30198"
C;X2;K"PARESH SUVA"
C;X3;K"tirthsapariya7773@gmail.com"
C;X4;K9000000051
F;P0;FG0G;X5
C;K"151, Shree Apartment, Kalawad Road, Rajkot, Gujarat"
C;Y124;X1;K"23BEIT30199"
C;X2;K"THAKAR ARYAN SHAILESHKUMAR"
C;X3;K"mannsavsani@gmail.com"
C;X4;K9000000052
F;P0;FG0G;X5
C;K"152, Shree Apartment, Kalawad Road, Rajkot, Gujarat"
C;Y125;X1;K"23BEIT30200"
C;X2;K"THAKAR DHAIRYA GOPALKRISHNA"
C;X3;K"neelsavsani1@gmail.com"
C;X4;K9000000053
F;P0;FG0G;X5
C;K"153, Shree Apartment, Kalawad Road, Rajkot, Gujarat"
C;Y126;X1;K"23BEIT30201"
C;X2;K"THAKOR VISHVARAJSINH VIJAYSINH"
C;X3;K"sahilsenjaliya1809@gmail.com"
C;X4;K9000000054
F;P0;FG0G;X5
C;K"154, Shree Apartment, Kalawad Road, Rajkot, Gujarat"
C;Y127;X1;K"23BEIT30202"
C;X2;K"VADALIA JASH PARIMIT"
C;X3;K"akshatshah1807@gmail.com"
C;X4;K9000000055
F;P0;FG0G;X5
C;K"155, Shree Apartment, Kalawad Road, Rajkot, Gujarat"
C;Y128;X1;K"23BEIT30203"
C;X2;K"VAGADIYA BHUMIT ASHOKBHAI"
C;X3;K"aryanshah58091@gmail.com"
C;X4;K9000000056
F;P0;FG0G;X5
C;K"156, Shree Apartment, Kalawad Road, Rajkot, Gujarat"
C;Y129;X1;K"23BEIT30204"
C;X2;K"VAGHELA AASTHA MANOJBHAI"
C;X3;K"devamshah2005@gmail.com"
C;X4;K9000000057
F;P0;FG0G;X5
C;K"157, Shree Apartment, Kalawad Road, Rajkot, Gujarat"
C;Y130;X1;K"23BEIT30207"
C;X2;K"VALAND NEELKUMAR BHADRESHKUMAR"
C;X3;K"shahjanvi2005@gmail.com"
C;X4;K9000000058
F;P0;FG0G;X5
C;K"158, Shree Apartment, Kalawad Road, Rajkot, Gujarat"
C;Y131;X1;K"23BEIT30209"
C;X2;K"ZALA PIYUSHKUMAR MANUBHAI"
C;X3;K"shahmanasvi1625@gmail.com"
C;X4;K9000000059
F;P0;FG0G;X5
C;K"159, Shree Apartment, Kalawad Road, Rajkot, Gujarat"
C;Y132;X1;K"23BEIT30210"
C;X2;K"ZALAVADIYA KRISH NITINBHAI"
C;X3;K"pushyashah15@gmail.com"
C;X4;K9000000060
F;P0;FG0G;X5
C;K"160, Shree Apartment, Kalawad Road, Rajkot, Gujarat"
C;Y133;X1;K"23BEIT30211"
C;X2;K"AGHARIA ALIASAGAR MOHAMMEDHUSEN"
C;X3;K"ridhamshah625@gmail.com"
C;X4;K9000000061
F;P0;FG0G;X5
C;K"161, Shree Apartment, Kalawad Road, Rajkot, Gujarat"
C;Y134;X1;K"23BEIT30212"
C;X2;K"JAVIYA DIVY PRAFULBHAI"
C;X3;K"vanshsshah.2005@gmail.com"
C;X4;K9000000062
F;P0;FG0G;X5
C;K"162, Shree Apartment, Kalawad Road, Rajkot, Gujarat"
C;Y135;X1;K"23BEIT30213"
C;X2;K"PATEL MANN"
C;X3;K"ks969585@gmail.com"
C;X4;K9000000063
F;P0;FG0G;X5
C;K"163, Shree Apartment, Kalawad Road, Rajkot, Gujarat"
C;Y136;X1;K"23BEIT30214"
C;X2;K"RUGHANI RUDRAKUMAR GUNJANKUMAR"
C;X3;K"rishabhsharma5690@gmail.com"
C;X4;K9000000064
F;P0;FG0G;X5
C;K"164, Shree Apartment, Kalawad Road, Rajkot, Gujarat"
C;Y137;X1;K"224SBEIT30013"
C;X2;K"RATHOD DHRUV VIJAYKUMAR"
C;X3;K"ompatel.2573@gmail.com"
C;X4;K9000000065
F;P0;FG0G;X5
C;K"165, Shree Apartment, Kalawad Road, Rajkot, Gujarat"
C;Y138;X1;K"224SBEIT30014"
C;X2;K"SATANI RIDHAM DINESHBHAI"
C;X3;K"punitr2006@gmail.com"
C;X4;K9000000066
F;P0;FG0G;X5
C;K"166, Shree Apartment, Kalawad Road, Rajkot, Gujarat"
C;Y139;X1;K"224SBEIT30015"
C;X2;K"SAVALIYA JANAVI DILIPAKUMAR"
C;X3;K"purvapatel4239@gmail.com"
C;X4;K9000000067
F;P0;FG0G;X5
C;K"167, Shree Apartment, Kalawad Road, Rajkot, Gujarat"
C;Y140;X1;K"224SBEIT30016"
C;X2;K"SAXENA JANARDAN MUKESHBHAI"
C;X3;K"rahipatel3972@gmail.com"
C;X4;K9000000068
F;P0;FG0G;X5
C;K"168, Shree Apartment, Kalawad Road, Rajkot, Gujarat"
C;Y141;X1;K"224SBEIT30017"
C;X2;K"SONI ARYAN MANISHKUMAR"
C;X3;K"rahipatel20206@gmail.com"
C;X4;K9000000069
F;P0;FG0G;X5
C;K"169, Shree Apartment, Kalawad Road, Rajkot, Gujarat"
C;Y142;X1;K"22BEIT54004"
C;X2;K"PALAK MEHTA"
C;X3;K"Shikhar3505@gmail.com"
C;X4;K9000000070
F;P0;FG0G;X5
C;K"170, Shree Apartment, Kalawad Road, Rajkot, Gujarat"
C;Y143;X1;K"22BEIT30207"
C;X2;K"VYAS CHINTAN"
C;X3;K"patelfalgun7320@gmail.com"
C;X4;K9000000071
F;P0;FG0G;X5
C;K"171, Shree Apartment, Kalawad Road, Rajkot, Gujarat"
C;Y144;X1;K"223SBEIT30021"
C;X2;K"PATEL MEET VIMALBHAI"
C;X3;K"patelfalgun7320@gmail.com"
C;X4;K1212121212
F;P0;FG0G;X5
C;K"169, Shree Apartment, Kalawad Road, Rajkot, Gujarat"
E
